id;nivel;texto;classe_real;classe_predita;justificativa
1;fácil;Vereadores receberam valores públicos sob a forma de diárias que não correspondiam a atividades realizadas.;peculato;peculato;Os vereadores, na qualidade de agentes públicos, apropriaram-se de valores públicos (diárias) sem que houvesse prestação de serviço correspondente, configurando o crime de peculato, que consiste na apropriação ou desvio de dinheiro ou bem público por parte de quem tem a posse ou detenção em razão do cargo.
2;médio;Agentes públicos receberam valores sob a justificativa de diárias, embora não houvesse deslocamento ou atividade que justificasse o pagamento.;peculato;peculato;Os agentes públicos receberam valores públicos indevidamente, sob a falsa justificativa de diárias, sem que houvesse deslocamento ou atividade que os justificasse, configurando a apropriação dolosa de dinheiro público, típica do crime de peculato previsto no art. 312 do Código Penal.
3;difícil;Agentes públicos receberam valores previstos para custeio de atividades externas, sem a realização das atividades correspondentes.;peculato;peculato;Os agentes públicos detinham a posse ou a responsabilidade sobre recursos públicos destinados ao custeio de atividades externas e, ao não realizar tais atividades, desviaram ou se apropriaram indevidamente dos valores, configurando o crime de peculato previsto no art. 312 do Código Penal.
4;fácil;Servidoras públicas responsáveis pelo armazenamento de vacinas permitiram, por falta de cuidado, o desaparecimento de doses sob sua guarda.;peculato_culposo;peculato_culposo;Os servidores, por negligência no exercício de suas funções, permitiram o desaparecimento de doses de vacina sob sua guarda, configurando a conduta típica de peculato culposo, que ocorre quando o agente, sem intenção, causa perda ou desvio de bem público por imprudência, negligência ou imperícia.
5;médio;Agentes públicas que tinham acesso ao local onde vacinas eram armazenadas não adotaram os cuidados necessários, resultando no desaparecimento das doses.;peculato_culposo;peculato_culposo;Os agentes públicos, embora não tenham agido com intenção de se apropriar das vacinas, deixaram de adotar os cuidados de vigilância e segurança exigidos para a guarda de bens da administração, resultando no desaparecimento das doses. Essa conduta caracteriza peculato culposo, previsto no art. 312, §2º, do Código Penal, que pune a perda ou dano ao bem público por culpa ou negligência do agente.
6;difícil;Doses de vacina desapareceram de um local de armazenamento ao qual apenas determinadas agentes públicas possuíam acesso, sem indícios de subtração por terceiros.;peculato_culposo;peculato;"A vacina é bem público e estava sob a guarda exclusiva de agentes públicos; o desaparecimento indica apropriação indevida por parte de quem tinha acesso, configurando o crime de peculato doloso."
7;fácil;Funcionário público recebeu valores de usuários por engano e se apropriou desses valores sem realizar o devido repasse.;peculato_mediante_erro_de_outrem;peculato_mediante_erro_de_outrem;O funcionário público recebeu valores que pertenciam a terceiros por engano (erro de outrem) e, tendo a posse desses recursos em razão do cargo, apropriou‑se deles, configurando o crime de peculato mediante erro de outrem previsto no art. 312, § 2º do Código Penal.
8;médio;Funcionário público passou a receber valores de usuários em situações irregulares e deixou de destiná-los ao fim correto.;peculato_mediante_erro_de_outrem;peculato;O agente, na qualidade de funcionário público, recebeu valores de usuários em situações irregulares e desviou-os do destino legal, configurando a apropriação ou desvio de recursos públicos, típico do crime de peculato.
9;difícil;Valores foram entregues por usuários a um agente público em circunstâncias atípicas de atendimento, sem que houvesse o devido registro ou encaminhamento formal desses pagamentos.;peculato_mediante_erro_de_outrem;peculato;O agente público recebeu valores que deveriam ser registrados e encaminhados formalmente, mas manteve-os sem a devida prestação de contas, configurando a apropriação ou desvio de recursos públicos em proveito próprio, tipificado como peculato.
10;fácil;Policiais rodoviários exigiram pagamento de motoristas para liberar veículos durante fiscalização.;concussao;concussao;Policiais rodoviários, na condição de agentes públicos, exigiram pagamento (vantagem indevida) aos motoristas para liberar veículos, configurando o crime de concussão, que consiste em exigir, para si ou para outrem, vantagem indevida em razão da função pública.
11;médio;Policiais rodoviários condicionaram a liberação de veículos ao pagamento de valores por parte dos motoristas abordados.;concussao;concussao;Os policiais, na qualidade de agentes públicos, exigiram pagamento como condição para exercer sua função de liberar veículos, configurando o crime de concussão (exigir vantagem indevida em razão da função).
12;difícil;Motoristas abordados em fiscalização realizaram pagamentos a agentes públicos para conseguir a liberação de seus veículos e cargas.;concussao;corrupcao_passiva;O pagamento dos motoristas a agentes públicos para obter a liberação de veículos e cargas caracteriza a prática de receber vantagem indevida para favorecer interesse próprio, configurando o crime de corrupção passiva previsto no art. 317 do Código Penal.
13;fácil;Parlamentares solicitaram pagamento de valores para destinar recursos públicos a determinado município.;corrupcao_passiva;corrupcao_passiva;Os parlamentares, na condição de agentes públicos, solicitaram pagamento de valores como condição para destinar recursos públicos ao município, configurando a solicitação de vantagem indevida em troca de ato de ofício, tipificado como corrupção passiva no art. 317 do Código Penal.
14;médio;Parlamentares condicionaram a destinação de recursos públicos ao recebimento de valores por parte de gestores municipais.;corrupcao_passiva;concussao;Os parlamentares usaram sua posição para condicionar a destinação de recursos públicos ao recebimento de valores pelos gestores municipais, exigindo vantagem indevida como condição para o ato administrativo, configurando o crime de concussão.
15;difícil;Recursos públicos foram direcionados a um município após tratativas entre agentes públicos e gestores locais envolvendo repasses financeiros.;corrupcao_passiva;nao_se_enquadra;A conduta descrita apenas indica a destinação de recursos públicos a um município após negociações entre agentes públicos e gestores locais, sem evidência de vantagem indevida, apropriação, coação ou violação de deveres típicos dos crimes listados.
16;fácil;Sargento deixou de registrar e comunicar uma infração disciplinar que presenciou, para atender a interesse pessoal.;prevaricacao;prevaricacao;O sargento, como agente público, tem o dever legal de registrar e comunicar infrações disciplinares. Ao deixar de fazê-lo, com o objetivo de atender a interesse pessoal, retarda ou omite ato de ofício, configurando o crime de prevaricação previsto no art. 319 do Código Penal.
17;médio;Sargento, mesmo ciente de irregularidade praticada por subordinado, optou por não adotar as providências que lhe cabiam em razão de circunstâncias pessoais.;prevaricacao;prevaricacao;O sargento, como agente público, tem o dever legal de adotar as providências cabíveis ao tomar conhecimento de irregularidade praticada por subordinado. Ao deliberadamente deixar de agir, motivado por circunstâncias pessoais, ele incorre no crime de prevaricação (art. 319 do CP), que tipifica a omissão ou retardamento de ato de ofício com intenção de causar demora ou prejuízo ao interesse público.
18;difícil;Após identificar uma conduta irregular de subordinado, um agente público não tomou as medidas formais esperadas em sua função, mantendo a situação sem registro ou comunicação.;prevaricacao;prevaricacao;O agente público, ao identificar irregularidade de subordinado, omitiu-se de adotar as medidas formais previstas, não registrando nem comunicando o fato, configurando a omissão ou retardamento de ato de ofício previsto no art. 319 do Código Penal (prevaricação).
19;fácil;Um comandante militar, ciente de que seus subordinados cometeram irregularidades, deixou de adotar providências para responsabilizá-los por indulgência.;condescendencia_criminosa;condescendencia_criminosa;O comandante, na condição de agente público, tinha o dever legal de adotar providências para responsabilizar os subordinados que cometeram irregularidades. Ao se omitir, por indulgência, permitindo a prática da infração sem impedir ou punir, incorre no crime de condescendência criminosa previsto no art. 319 do Código Penal.
20;médio;Um superior hierárquico, após tomar conhecimento de infrações praticadas por subordinados, não adotou medidas para apuração e responsabilização dos envolvidos.;condescendencia_criminosa;condescendencia_criminosa;O superior hierárquico, ciente das infrações praticadas pelos subordinados, omitiu-se de adotar as medidas necessárias para apuração e responsabilização, facilitando a continuidade da prática delituosa, o que caracteriza o crime de condescendência criminosa previsto no art. 332 do Código Penal.
21;difícil;Um agente público, mesmo após ser informado sobre irregularidades praticadas por integrantes sob sua supervisão, deixou de agir para apurar os fatos e promover responsabilização.;condescendencia_criminosa;prevaricacao;O agente público, ciente das irregularidades praticadas por subordinados, deixou de agir para apurar os fatos e responsabilizar os envolvidos, configurando a omissão ou retardamento indevido de ato de ofício, previsto no art. 319 do Código Penal como prevaricação.
22;fácil;Um servidor público utilizou seu cargo para patrocinar interesses privados perante a administração pública, acessando processos internos e repassando informações a uma advogada, recebendo valores em troca.;advocacia_administrativa;corrupcao_passiva;O servidor público, valendo-se de seu cargo, favoreceu interesses privados ao acessar processos internos e repassar informações a uma advogada, recebendo valores em troca, configurando o recebimento de vantagem indevida para prática de ato de ofício, tipificado como corrupção passiva.
23;médio;Um servidor público utilizou seu acesso ao sistema interno para consultar processos e obter documentos, repassando essas informações a uma advogada, que posteriormente lhe transferiu valores em dinheiro.;advocacia_administrativa;corrupcao_passiva;O servidor, em razão de sua função pública, utilizou acesso ao sistema interno para obter documentos e os repassou a uma advogada, recebendo posteriormente dinheiro como vantagem indevida. Essa conduta se enquadra no crime de corrupção passiva (art. 317 do CP), que pune o agente público que recebe ou aceita vantagem indevida em troca de atos vinculados ao exercício de sua função.
24;difícil;Um servidor com acesso a sistemas internos realizou consultas processuais e compartilhou documentos com terceiros, que posteriormente efetuaram transferências financeiras para sua conta.;advocacia_administrativa;corrupcao_passiva;O servidor utilizou sua posição e acesso a documentos públicos para beneficiar terceiros, recebendo vantagem econômica (transferências financeiras) em troca da divulgação de informações, configurando o crime de corrupção passiva previsto no art. 317 do Código Penal.
25;fácil;Um funcionário público revelou informações sigilosas de uma investigação oficial a jornalistas, violando seu dever funcional e causando prejuízo à administração pública.;violacao_de_sigilo_funcional;violacao_de_sigilo_funcional;O agente, na condição de funcionário público, divulgou informações sigilosas de investigação oficial, infringindo o dever legal de manter o sigilo funcional e causando prejuízo à administração pública, tipificando o crime de violação de sigilo funcional.
26;médio;Durante uma investigação em andamento, um agente público compartilhou com jornalistas detalhes sobre diligências que seriam realizadas pela polícia.;violacao_de_sigilo_funcional;violacao_de_sigilo_funcional;O agente público divulgou informações confidenciais sobre diligências policiais, violando o dever de sigilo funcional previsto no art. 325 do Código Penal, configurando crime contra a Administração Pública.
27;difícil;Durante uma operação em curso, informações sobre ações futuras foram divulgadas a terceiros por alguém com acesso interno à investigação.;violacao_de_sigilo_funcional;violacao_de_sigilo_funcional;O agente público, detentor de acesso interno à investigação, divulgou a terceiros informações confidenciais sobre ações futuras da operação, configurando violação do dever de sigilo funcional previsto no art. 325 do Código Penal.
28;fácil;Um homem matou uma mulher com golpes de faca após uma discussão, sendo posteriormente condenado por homicídio.;nao_se_enquadra;nao_se_enquadra;O fato descrito trata de homicídio, crime contra a vida, não envolvendo conduta típica de crimes contra a Administração Pública.
29;médio;Após uma discussão em um estabelecimento comercial, um indivíduo agrediu uma mulher e utilizou um objeto perfurante, causando sua morte.;nao_se_enquadra;nao_se_enquadra;O fato descrito trata de homicídio doloso (agressão que resultou em morte), que não se enquadra nas tipificações de crimes contra a Administração Pública listadas.
30;difícil;Durante um conflito em um ambiente comercial, uma pessoa agrediu outra fisicamente e utilizou um objeto para causar lesões fatais.;nao_se_enquadra;nao_se_enquadra;A conduta descrita trata de agressão física e uso de objeto para causar lesões fatais, configurando crime de homicídio ou lesão corporal, que não se enquadra nas tipificações de crimes contra a Administração Pública listadas.
